date,daily_pnl,daily_volume_usd,daily_fees,avg_execution_price,num_trades,timestamp,value,classification,sentiment_label
2023-05-01,0.0,183.53,0.0,1897.9,1,1682919000,63,Greed,1
2023-12-05,0.0,50005.83,12.501455,11038.3,9,1701754200,75,Extreme Greed,1
2023-12-14,-205.43473700000007,113203.35,28.300831000000002,8031.868818181818,11,1702531800,72,Greed,1
2023-12-15,-24.632033999999997,10609.95,2.652489,2.982,2,1702618200,70,Greed,1
2023-12-16,0.0,15348.77,3.8371890000000004,0.3847066666666667,3,1702704600,67,Greed,1
2023-12-17,304.982785,116278.02,29.069499,802.5418592857143,14,1702791000,73,Greed,1
2023-12-18,0.0,31164.179999999997,7.791045,2178.1000000000004,2,1702877400,65,Greed,1
2023-12-19,1000.5386120000001,91602.41,22.900596,447.8019113333333,15,1702963800,73,Greed,1
2023-12-20,162.732282,141636.79,35.409187,6.722871666666666,18,1703050200,74,Greed,1
2023-12-21,537.211402,125233.97,31.308469,91.84020408163265,49,1703136600,70,Greed,1
2023-12-22,141.832675,88874.28,22.218566000000003,30692.8325,10,1703223000,74,Greed,1
2023-12-23,146.936704,78438.25,19.609555,3.0702846153846153,13,1703309400,70,Greed,1
2023-12-24,1008.619956,402954.94,100.738715,13680.54118025641,39,1703395800,71,Greed,1
2023-12-25,-245.081348,59948.51,14.987124999999999,2275.4,3,1703482200,73,Greed,1
2023-12-27,-704.8892269999999,171411.06,42.852747,0.37319214285714286,28,1703655000,73,Greed,1
2023-12-28,-970.730876,100117.25,25.0293,0.4032943478260869,23,1703741400,73,Greed,1
2023-12-29,508.92214299999995,569559.72,142.389901,3836.17816,50,1703827800,65,Greed,1
2023-12-30,354.998648,702550.21,175.637526,13421.615271153847,52,1703914200,68,Greed,1
2024-01-01,-129.53146,264239.52999999997,66.059867,10373.330666666667,18,1704087000,65,Greed,1
2024-01-02,783.979116,121348.74,30.337176,10199.892598764705,17,1704173400,71,Greed,1
2024-01-03,866.015507,394499.36,98.624811,738.8837898507463,67,1704259800,70,Greed,1
2024-01-04,-67.60364,99792.54000000001,24.948132,2212.62,5,1704346200,68,Greed,1
2024-01-05,164.141565,1703942.66,425.985639,30495.46818181818,66,1704432600,72,Greed,1
2024-01-06,135.58166400000002,298521.4,74.630342,6586.107318181818,22,1704519000,70,Greed,1
2024-01-07,-835.681235,1048850.06,262.212464,7513.911021649485,97,1704605400,71,Greed,1
2024-01-08,-269.874439,1522452.43,380.613064,15078.63093734375,128,1704691800,71,Greed,1
2024-01-09,-826.349863,820051.86,205.012929,14657.823407014926,67,1704778200,76,Extreme Greed,1
2024-01-10,-1517.091342,1759979.51,439.994831,18289.177921813953,129,1704864600,73,Greed,1
2024-01-11,-164.08950099999998,305314.1,75.867171,12141.70542857143,21,1704951000,76,Extreme Greed,1
2024-01-12,-1925.519024,198082.87,49.520714999999996,46403.333333333336,6,1705037400,71,Greed,1
2024-01-15,152.85358,50636.1,12.652712,16738.085714285717,14,1705296600,52,Neutral,-1
2024-01-16,939.6285419999999,73532.33,18.177208,12308.641542857144,7,1705383000,64,Greed,1
2024-01-17,813.2741110000001,650830.51,162.70761099999999,29563.119611111113,36,1705469400,60,Greed,1
2024-01-18,68.93319,374631.6,93.657887,11445.303703703705,27,1705555800,63,Greed,1
2024-01-19,-385.419235,376428.66,94.091872,13484.530952380954,42,1705642200,51,Neutral,-1
2024-01-20,-146.57487000000003,1070090.51,267.522583,14671.724672933962,106,1705728600,52,Neutral,-1
2024-01-21,266.58114600000005,103129.74,25.78243,19141.940333454546,11,1705815000,56,Greed,1
2024-01-22,1061.598461,275688.52,68.72207399999999,8420.611887903226,62,1705901400,55,Greed,1
2024-01-23,-369.2447299999998,348203.54000000004,87.05087499999999,19560.000571296296,27,1705987800,50,Neutral,-1
2024-01-24,-2808.353815,908069.67,227.017389,17304.653157848483,66,1706074200,48,Neutral,-1
2024-01-25,-3093.6293849999997,66566.13,16.641532,87.95416666666667,6,1706160600,52,Neutral,-1
2024-01-26,0.0,2517.41,0.629351,0.045518,3,1706247000,49,Neutral,-1
2024-01-29,486.562542,413174.61,103.283276,15851.055627780823,73,1706506200,55,Greed,1
2024-01-30,-173.65419100000003,401011.38,100.25281,27371.991836734695,49,1706592600,61,Greed,1
2024-01-31,-762.50243,6175710.07,1543.927176,28133.36294838725,847,1706679000,60,Greed,1
2024-02-01,0.0,2008.18,0.5020439999999999,0.07612616666666668,6,1706765400,63,Greed,1
2024-02-02,456.423473,374278.57,93.569628,15933.46551025,32,1706851800,63,Greed,1
2024-02-03,223.30918699999998,450884.32,112.721057,35111.504347826085,46,1706938200,60,Greed,1
2024-02-04,47.62389499999999,202187.55,50.546876,15135.78375,28,1707024600,60,Greed,1
2024-02-05,-33.45419400000003,670198.02,167.549466,13546.242577272727,66,1707111000,60,Greed,1
2024-02-06,-526.152968,4229458.35,1057.3643,24870.85877515693,599,1707197400,64,Greed,1
2024-02-07,241.24212,1758.75,0.439686,5.3308,2,1707283800,62,Greed,1
2024-02-08,770.756024,13051.52,3.262879,1.6197112500000002,4,1707370200,66,Greed,1
2024-02-11,983.443176,108153.83,27.038447,22126.666763045454,22,1707629400,71,Greed,1
2024-02-12,641.0228529999999,117247.67,29.311908000000003,28309.418777777777,9,1707715800,70,Greed,1
2024-02-14,2199.484069,110797.25,27.118306,9462.128686920634,63,1707888600,74,Greed,1
2024-02-15,1356.489017,128163.68,31.846768,6413.168964407408,27,1707975000,72,Greed,1
2024-02-16,753.92257,142162.75,35.119059,3160.7749475,40,1708061400,72,Greed,1
2024-02-17,1383.216322,262105.14,64.935297,5923.117187777778,54,1708147800,76,Extreme Greed,1
2024-02-19,259.218828,77231.29000000001,19.035509,7191.075816896551,29,1708320600,75,Extreme Greed,1
2024-02-20,743.7002239999999,20942.16,5.0432120000000005,7427.946083714285,14,1708407000,72,Greed,1
2024-02-21,227.9229,19352.010000000002,4.744531,64.27176666666666,6,1708493400,78,Extreme Greed,1
2024-02-22,347.89730199999997,122170.47,29.370896,2401.3746853488374,43,1708579800,74,Greed,1
2024-02-23,22.647378,596.12,0.143066,34465.812,3,1708666200,76,Extreme Greed,1
2024-02-26,611.53818,14407.74,3.4578490000000004,5.691855454545455,11,1708925400,72,Greed,1
2024-02-27,576.38114,1576.35,0.394084,7.527118857142858,7,1709011800,79,Extreme Greed,1
2024-02-28,225.838876,7865.27,1.887662,3.0862585,6,1709098200,82,Extreme Greed,1
2024-02-29,1647.032269,34708.15,8.578206,0.11627210000000002,20,1709184600,80,Extreme Greed,1
2024-03-01,1204.143398,34279.16,8.226991,0.011662857142857143,7,1709271000,80,Extreme Greed,1
2024-03-02,-1443.814567,2943.77,0.735937,0.14138714285714285,7,1709357400,80,Extreme Greed,1
2024-03-03,570.466592,20414.55,4.899487000000001,0.00379775,4,1709443800,83,Extreme Greed,1
2024-03-04,5759.394985,119087.38,28.618654,1430.712946159091,88,1709530200,82,Extreme Greed,1
2024-03-05,1966.848448,47683.53,11.444009,0.3475107631578947,38,1709616600,90,Extreme Greed,1
2024-03-06,615.242896,12265.47,2.943702,1.9066029999999998,12,1709703000,75,Extreme Greed,1
2024-03-09,1684.038135,57751.25,13.86027,28.630415655172413,29,1709962200,84,Extreme Greed,1
2024-03-10,-695.3706000000001,25694.37,6.166646,2.7328333333333332,3,1710048600,79,Extreme Greed,1
2024-03-11,3588.179495,176519.44999999998,8.47289,2.647672619047619,42,1710135000,82,Extreme Greed,1
2024-03-12,3039.166,103040.85,4.945953,9.235375,8,1710221400,81,Extreme Greed,1
2024-03-13,0.0,6000.799999999999,2.100278,3979.957142857143,7,1710307800,81,Extreme Greed,1
2024-03-14,3465.865832,205933.18,11.716792,252.0171572222222,18,1710394200,88,Extreme Greed,1
2024-03-15,6236.513651,351894.41,49.485003,502.81406972580646,62,1710480600,83,Extreme Greed,1
2024-03-16,228.57984,37223.66,10.52828,2750.4022475,8,1710567000,81,Extreme Greed,1
2024-03-17,503.293955,99506.95,33.763329,2191.606,23,1710653400,79,Extreme Greed,1
2024-03-18,1456.9577,90458.08,24.943279999999998,2238.5484684210523,19,1710739800,77,Extreme Greed,1
2024-03-19,668.797973,219884.84,25.988312,575.3537,24,1710826200,79,Extreme Greed,1
2024-03-20,6423.134599,215705.85,39.878838,193.64368536231885,69,1710912600,74,Greed,1
2024-03-21,2335.5080749999997,117895.57,16.394750000000002,124.34982285714285,28,1710999000,78,Extreme Greed,1
2024-03-24,1297.018477,92592.20999999999,8.888837,8.960757894736842,19,1711258200,74,Greed,1
2024-03-25,1302.916428,57116.32,19.990712,3582.2999999999997,7,1711344600,75,Extreme Greed,1
2024-03-26,3215.906593,198565.19,28.147402999999997,219.49172627118645,118,1711431000,81,Extreme Greed,1
2024-03-27,150.41114,99864.79,31.717952,13627.738306315789,38,1711517400,83,Extreme Greed,1
2024-03-28,227.85100799999998,35323.72,9.059229,803.983042,13,1711603800,80,Extreme Greed,1
2024-03-29,883.097404,86914.37,30.420029999999997,3541.54,15,1711690200,79,Extreme Greed,1
2024-03-30,1090.4643899999999,100634.38,9.894378999999999,0.19727454545454545,44,1711776600,75,Extreme Greed,1
2024-03-31,912.786145,39912.96,13.969522000000001,3627.730769230769,13,1711863000,75,Extreme Greed,1
2024-04-01,2454.768366,338435.38,83.403574,1349.7570256578947,76,1711949400,79,Extreme Greed,1
2024-04-02,883.675012,239629.53999999998,80.120334,3049.794125,40,1712035800,79,Extreme Greed,1
2024-04-03,126.7884,16887.57,1.661201,8.3283,4,1712122200,71,Greed,1
2024-04-04,0.0,95987.73,33.595684999999996,3401.434375,32,1712208600,70,Greed,1
2024-04-05,10696.288386,502796.31,103.33457200000001,333.5872261616162,99,1712295000,79,Extreme Greed,1
2024-04-06,236.33513399999998,68223.67,23.878277,3328.08125,16,1712381400,75,Extreme Greed,1
2024-04-07,0.0,49988.14,17.495845,3398.0043478260873,23,1712467800,78,Extreme Greed,1
2024-04-08,1218.4267,211940.64,61.790548,3295.5374166666666,30,1712554200,76,Extreme Greed,1
2024-04-09,0.0,57063.840000000004,19.972341,3501.3000000000006,3,1712640600,80,Extreme Greed,1
2024-04-10,4752.179827,321724.74,112.603634,3433.858974358974,39,1712727000,78,Extreme Greed,1
2024-04-11,389.743164,76400.96,26.740329,3521.2125,16,1712813400,76,Extreme Greed,1
2024-04-12,-592.6458390000001,442088.59,97.560875,555.2924815968992,129,1712899800,79,Extreme Greed,1
2024-04-13,6541.250045,485726.86,118.769222,666.1394476477273,88,1712986200,72,Greed,1
2024-04-14,-35866.38858200001,657200.5,212.79082,1753.567572403846,104,1713072600,72,Greed,1
2024-04-15,3774.08872,291111.19,40.650603999999994,230.87443634146342,41,1713159000,74,Greed,1
2024-04-16,2467.702221,181907.17,18.457685,0.8237938510638297,47,1713245400,65,Greed,1
2024-04-17,2441.4683999999997,97562.99,10.620963,4.993378571428572,14,1713331800,67,Greed,1
2024-04-19,1922.68147,332773.2,116.470608,3065.029411764706,34,1713504600,66,Greed,1
2024-04-20,0.0,60733.24,121.289047,285.09828863636363,22,1713591000,66,Greed,1
2024-04-22,0.0,47993.61,16.797764,3202.222222222222,9,1713763800,73,Greed,1
2024-04-23,1119.536196,232588.18,71.145126,2607.8051923076923,65,1713850200,71,Greed,1
2024-04-24,279.185907,141275.24,49.446315999999996,3230.17,20,1713936600,72,Greed,1
2024-04-25,0.0,120241.01,160.159512,251.67034283783786,74,1714023000,72,Greed,1
2024-04-26,0.0,4988.290000000001,1.745898,0.12152,3,1714109400,70,Greed,1
2024-04-27,4281.488139,154264.47,53.99255,3258.651851851852,27,1714195800,67,Greed,1
2024-04-28,0.0,43985.6,15.394946,451.9867443103448,58,1714282200,65,Greed,1
2024-04-29,526.9338359999999,108533.52,37.98671,2296.9246511363635,44,1714368600,67,Greed,1
2024-04-30,0.0,125018.75,43.75655,3023.15,24,1714455000,67,Greed,1
2024-05-01,0.0,87025.45,30.458908,2916.8142857142857,14,1714541400,54,Neutral,-1
2024-05-03,5306.017045,282682.64999999997,98.910681,1960.4601549999998,36,1714714200,48,Neutral,-1
2024-05-04,0.0,58998.75,20.649559,2089.1695403333333,9,1714800600,67,Greed,1
2024-05-05,0.916,24068.350000000002,8.412778,2099.545833333333,6,1714887000,69,Greed,1
2024-05-06,811.796844,184171.41,64.45998900000001,3109.8875,8,1714973400,71,Greed,1
2024-05-07,883.537693,108717.58,38.039061,1715.215231,18,1715059800,68,Greed,1
2024-05-08,1.56576,65973.57,23.076826,2312.7117384615385,13,1715146200,64,Greed,1
2024-05-09,1147.595856,221966.12,77.688132,2667.6832657142854,28,1715232600,55,Greed,1
2024-05-10,2101.741695,156882.0,54.90869,2946.254545454545,22,1715319000,66,Greed,1
2024-05-11,251.604742,63248.95,22.137125,2922.511111111111,9,1715405400,53,Neutral,-1
2024-05-12,0.0,55179.56,19.312829,1272.34931,23,1715491800,56,Greed,1
2024-05-13,2136.853859,193118.9,67.591599,2635.7705885714286,28,1715578200,57,Greed,1
2024-05-14,1150.5233050000002,145853.4,51.048685,2912.1304347826085,23,1715664600,66,Greed,1
2024-05-15,948.970582,233422.34,81.697807,2931.0457142857144,35,1715751000,64,Greed,1
2024-05-16,214.5898,162620.96,56.91732,2656.364285925926,27,1715837400,70,Greed,1
2024-05-18,3522.3946610000003,125703.09,43.996074,3123.6666666666665,24,1716010200,73,Greed,1
2024-05-19,0.0,29998.09,10.499327000000001,3079.425,8,1716096600,72,Greed,1
2024-05-20,-74.818442,38124.75,13.343662,2156.14175,10,1716183000,70,Greed,1
2024-05-21,7289.397571999999,1100948.59,385.331944,14134.35288,125,1716269400,76,Extreme Greed,1
2024-05-22,0.0,44995.29,15.748349000000001,3733.3333333333335,6,1716355800,76,Extreme Greed,1
2024-05-23,413.488602,400198.13,113.264833,1100.1111706141976,324,1716442200,76,Extreme Greed,1
2024-05-24,821.949278,50811.899999999994,17.784165,3844.4,2,1716528600,74,Greed,1
2024-05-25,14.126038999999999,29991.129999999997,10.246887000000001,469.7218425,16,1716615000,76,Extreme Greed,1
2024-05-26,778.6839,53976.67,18.768190999999998,496.56757500000003,16,1716701400,75,Extreme Greed,1
2024-05-27,1129.35587,151115.72,45.832466,33.197340745019915,251,1716787800,74,Greed,1
2024-05-29,277.670573,84188.07,36.86853,3050.457623832298,161,1716960600,72,Greed,1
2024-05-30,20.951433,2838.09,0.993326,20348.618645714287,7,1717047000,73,Greed,1
2024-05-31,25.35812,3636.14,1.272646,2.152072923076923,13,1717133400,73,Greed,1
2024-06-01,91.510419,12834.62,4.492106,1.1308718,25,1717219800,72,Greed,1
2024-06-02,192.906947,29464.51,7.792912,1.0599227956989248,93,1717306200,73,Greed,1
2024-06-03,562.808208,21466.86,5.378086,1.3030562857142858,70,1717392600,73,Greed,1
2024-06-04,52.211438,24243.41,7.432953,13394.864554716982,53,1717479000,73,Greed,1
2024-06-05,56.055506,25350.77,7.1040600000000005,2682.9926944444446,54,1717565400,75,Extreme Greed,1
2024-06-06,274.173187,137557.76,37.079424,30.647596965811967,234,1717651800,78,Extreme Greed,1
2024-06-07,8902.467416,1098588.76,372.962664,1232.3513694545454,440,1717738200,77,Extreme Greed,1
2024-06-08,129.13883900000002,97351.88,34.073137,10513.408993103449,29,1717824600,72,Greed,1
2024-06-09,0.0,22410.22,7.515775,1091.865705882353,17,1717911000,75,Extreme Greed,1
2024-06-10,31.266804999999998,46587.93,14.696328000000001,280.7776811320755,53,1717997400,72,Greed,1
2024-06-11,4320.631811,373206.04,129.917023,8997.86077942623,122,1718083800,74,Greed,1
2024-06-12,-21886.531493,193183.41,63.898036,1426.0231411522632,243,1718170200,72,Greed,1
2024-06-13,6632.757115,132558.71,33.39696,183.16180256410257,78,1718256600,70,Greed,1
2024-06-14,10258.592609,139868.66,38.954076,1759.0960645161292,31,1718343000,74,Greed,1
2024-06-15,3290.88817,699254.21,244.738935,2120.712087012987,77,1718429400,74,Greed,1
2024-06-16,0.0,25235.079999999998,8.832277,4.114990909090909,11,1718515800,71,Greed,1
2024-06-17,10599.502375,368380.12,128.93302500000001,1595.9607578947368,38,1718602200,71,Greed,1
2024-06-18,282.57636,263314.79,67.160258,2787.8253600000003,25,1718688600,74,Greed,1
2024-06-19,4887.656944,417071.12,138.851743,1563.7263098360656,61,1718775000,64,Greed,1
2024-06-20,57478.456026,207990.8,13.46905,374.05558,39,1718861400,60,Greed,1
2024-06-21,773.5582039999999,176137.21,61.259268999999996,899.8314833333334,78,1718947800,63,Greed,1
2024-06-22,756.876565,169594.27000000002,40.533382,1765.2402375,24,1719034200,53,Neutral,-1
2024-06-23,0.0,1792.12,0.17921199999999998,3.09,5,1719120600,55,Greed,1
2024-06-24,0.0,403002.8,103.551001,2708.8659548387095,31,1719207000,51,Neutral,-1
2024-06-25,4772.80451,101886.98,35.660418,3.2499212765957446,47,1719293400,30,Fear,-1
2024-06-26,4197.732182,365190.66000000003,127.5543,1472.1298,72,1719379800,46,Neutral,-1
2024-06-27,0.0,130486.95,45.556012,1362.6499733333333,30,1719466200,40,Fear,-1
2024-06-29,6150.326145,280095.11,460.295231,767.398007192,75,1719639000,30,Fear,-1
2024-06-30,0.0,30502.62,17.055862,845.6041558333333,12,1719725400,47,Neutral,-1
2024-07-01,5065.839308,362665.15,425.322525,1355.0835252632257,62,1719811800,53,Neutral,-1
2024-07-02,2421.253116,33347.47,11.458730000000001,3.4119444444444444,18,1719898200,51,Neutral,-1
2024-07-03,1118.387284,179547.41,62.627182,2158.8294117647056,17,1719984600,50,Neutral,-1
2024-07-04,0.0,430568.01,113.02464499999999,2795.886,25,1720071000,44,Fear,-1
2024-07-05,0.0,272289.89,95.130717,1837.889625,32,1720157400,29,Fear,-1
2024-07-06,108.87217799999999,2490.17,344.35416,1.10232597125,24,1720243800,26,Fear,-1
2024-07-07,56.514626,458.85,0.045884999999999995,3.99,8,1720330200,29,Fear,-1
2024-07-08,0.0,497.64,0.0156,3.19,1,1720416600,28,Fear,-1
2024-07-09,648.984412,2736.45,0.39756800000000003,4.546446666666666,15,1720503000,27,Fear,-1
2024-07-10,11977.734907,687900.21,240.76504,2410.4582857142855,56,1720589400,28,Fear,-1
2024-07-11,1876.812082,169887.02,59.460443,3151.1421052631576,19,1720675800,29,Fear,-1
2024-07-12,1412.314654,89582.97,31.354029,1621.380905263158,19,1720762200,25,Fear,-1
2024-07-13,2913.617837,139189.19,48.71621,2416.179635294118,17,1720848600,25,Fear,-1
2024-07-14,0.0,84001.13,29.400389,3194.1857142857143,7,1720935000,33,Fear,-1
2024-07-15,-1.0,198344.85,68.995769,2752.5296153846157,26,1721021400,52,Neutral,-1
2024-07-16,0.0,144000.57,50.400180999999996,3446.881818181818,22,1721107800,65,Greed,1
2024-07-17,1859.269477,626005.53,206.601913,92.99230740740741,351,1721194200,69,Greed,1
2024-07-18,3795.533605,647877.3,226.757023,2989.196094915254,59,1721280600,61,Greed,1
2024-07-19,2155.891114,150269.42,52.594288,8050.626695652173,23,1721367000,60,Greed,1
2024-07-20,2299.169566,244362.21,80.758418,124.94923650375941,266,1721453400,74,Greed,1
2024-07-21,-2899.282347,233322.56,64.624853,28.44148519362187,439,1721539800,74,Greed,1
2024-07-22,1517.119876,303518.04,97.216021,484.9928830065359,153,1721626200,70,Greed,1
2024-07-23,88326.922448,354168.44,58.807317,23.932567768595042,363,1721712600,71,Greed,1
2024-07-24,625.561479,69204.73,55.067279,162.924659815625,64,1721799000,69,Greed,1
2024-07-25,916.7382600000001,522717.44,222.142661,2681.813542914805,77,1721885400,68,Greed,1
2024-07-26,2737.792902,545607.27,205.523884,810.185994562914,151,1721971800,68,Greed,1
2024-07-27,6105.489458,869040.83,304.164272,2969.6988945454546,55,1722058200,72,Greed,1
2024-07-28,587.29903,43254.68,15.139122,607.7397125,16,1722144600,71,Greed,1
2024-07-29,330.80445399999996,327174.22,114.51096100000001,47848.68817894737,38,1722231000,74,Greed,1
2024-07-30,0.0,36006.47,12.602264,3295.4833333333336,6,1722317400,67,Greed,1
2024-07-31,765.690884,84506.54,29.577267000000003,256.78039232558143,43,1722403800,61,Greed,1
2024-08-01,167.080017,227773.79,108.095036,19075.123506160715,56,1722490200,52,Neutral,-1
2024-08-02,782.3681909999999,396320.33,145.520462,14638.679358387097,62,1722576600,57,Greed,1
2024-08-03,464.1897,290532.20999999996,108.653106,2794.348617083333,36,1722663000,37,Fear,-1
2024-08-04,-122222.903886,1204984.82,444.936513,11457.710928089431,123,1722749400,34,Fear,-1
2024-08-05,-13016.150934,420370.64,202.67549300000002,15035.566571012658,79,1722835800,26,Fear,-1
2024-08-06,255.816799,61216.14,62.596448,1086.472226897596,104,1722922200,17,Extreme Fear,-1
2024-08-07,188.789255,2349.09,3.7486038,1.9672810555555555,18,1723008600,29,Fear,-1
2024-08-08,-40.712216999999995,16299.34,6.647995,585.409505,8,1723095000,20,Extreme Fear,-1
2024-08-09,18082.071276,503204.74,185.25438068,4708.69565965035,143,1723181400,48,Neutral,-1
2024-08-10,0.0,11259.93,50.0758479,1.8673814534883721,86,1723267800,40,Fear,-1
2024-08-11,847.7766200000001,44029.5,39.064406999999996,931.7280579130435,23,1723354200,39,Fear,-1
2024-08-12,858.6705000000001,54006.69,34.204995,892.7493900434783,46,1723440600,25,Fear,-1
2024-08-13,212.08102,20796.760000000002,17.932876999999998,527.3444778,20,1723527000,31,Fear,-1
2024-08-14,2168.9015130000003,66709.5,46.493106,1012.314539125,24,1723613400,30,Fear,-1
2024-08-15,0.0,1522.3700000000001,16.50261,0.032253416666666666,12,1723699800,29,Fear,-1
2024-08-16,825.230544,166382.84,81.187942,13243.149667228572,35,1723786200,27,Fear,-1
2024-08-17,-288.283113,30196.09,17.066579,0.17251999999999998,25,1723872600,25,Fear,-1
2024-08-18,305.06788800000004,62540.51,21.889171,2643.7923076923075,13,1723959000,31,Fear,-1
2024-08-19,339.69958299999996,100315.03,35.110258,58542.625,8,1724045400,28,Fear,-1
2024-08-20,192.602844,49914.8,17.470174,1739.2645333333332,12,1724131800,30,Fear,-1
2024-08-21,656.200925,104977.79,36.742167,141.4748042361111,144,1724218200,26,Fear,-1
2024-08-23,1005.30527,63509.56,22.228341999999998,2683.83,10,1724391000,34,Fear,-1
2024-08-24,0.0,34999.67,12.249882,46230.142857142855,7,1724477400,56,Greed,1
2024-08-25,0.0,21950.28,26.303603,19585.087261176468,17,1724563800,54,Neutral,-1
2024-08-26,231.236918,92611.27,32.302932,2263.875,6,1724650200,55,Greed,1
2024-08-27,0.0,70249.38,52.053552,380.39372051020405,49,1724736600,48,Neutral,-1
2024-08-28,1333.359645,71160.06999999999,24.906026,15309.777777777777,9,1724823000,30,Fear,-1
2024-08-29,0.0,9995.85,3.498547,60802.0,1,1724909400,29,Fear,-1
2024-08-30,256.464,37231.93,13.031175999999999,16646.65,4,1724995800,34,Fear,-1
2024-08-31,10.882801,107506.47,39.955315,11365.207902121212,33,1725082200,29,Fear,-1
2024-09-01,137.433093,12359.630000000001,4.325861,48.61261818181818,11,1725168600,26,Fear,-1
2024-09-02,0.0,30000.42,10.500148,2426.1,2,1725255000,26,Fear,-1
2024-09-04,1065.785132,131381.38,63.559037,5565.631522757575,33,1725427800,27,Fear,-1
2024-09-06,-1054.2020029999999,38867.409999999996,13.603583,226.3764725,40,1725600600,22,Extreme Fear,-1
2024-09-09,0.0,4014.4300000000003,34.9079,0.0115,2,1725859800,26,Fear,-1
2024-09-10,-219.729659,2547.28,7.2904,1557.6705000000002,3,1725946200,33,Fear,-1
2024-09-14,0.0,1014.1500000000001,30.381330000000002,0.0116758,10,1726291800,50,Neutral,-1
2024-09-18,-835.730782,13064.58,31.533825,3.1093979136690644,139,1726637400,45,Neutral,-1
2024-09-19,0.0,1521.8700000000001,28.60766,0.9843423684210526,19,1726723800,49,Neutral,-1
2024-09-20,9585.03428,332873.38,109.317031,17153.90225,16,1726810200,54,Neutral,-1
2024-09-21,36165.56933,165648.12,57.976841,4.30038695652174,23,1726896600,54,Neutral,-1
2024-09-22,0.0,19999.739999999998,6.999907,62701.0,3,1726983000,52,Neutral,-1
2024-09-23,334.760796,40334.29,14.117002000000001,63672.0,2,1727069400,50,Neutral,-1
2024-09-24,0.0,7118.63,12.966142,0.4286068,10,1727155800,54,Neutral,-1
2024-09-25,0.0,52754.130000000005,17.764677,42295.14844444444,9,1727242200,59,Greed,1
2024-09-26,439.812513,113711.93000000001,31.348204,24173.9921375,8,1727328600,50,Neutral,-1
2024-09-27,0.0,126015.59999999999,37.495494,12022.572079999998,55,1727415000,61,Greed,1
2024-09-28,0.0,29199.21,2.8031200000000003,4.101,4,1727501400,64,Greed,1
2024-09-30,2710.626288,212795.82,65.457679,6910.772261290323,93,1727674200,61,Greed,1
2024-10-01,0.0,139954.32,48.98401,62044.5,4,1727760600,50,Neutral,-1
2024-10-02,0.0,99954.34,34.984016999999994,60911.0,4,1727847000,42,Fear,-1
2024-10-03,100.375782,132935.69,46.527491000000005,26799.238066666665,9,1727933400,37,Fear,-1
2024-10-05,5179.861892,561944.73,196.680631,62247.6,35,1728106200,49,Neutral,-1
2024-10-06,130.487079,300130.56,105.045693,62166.40909090909,22,1728192600,50,Neutral,-1
2024-10-07,0.0,219984.65,76.994616,63684.42857142857,21,1728279000,50,Neutral,-1
2024-10-08,5150.037556,415583.85,145.454331,62285.454545454544,33,1728365400,49,Neutral,-1
2024-10-09,396.06272,220399.93,77.139967,61800.92857142857,14,1728451800,49,Neutral,-1
2024-10-10,0.0,300024.33999999997,105.00851,59323.25,16,1728538200,39,Fear,-1
2024-10-11,8885.327477,488903.45999999996,171.116194,61563.2,25,1728624600,32,Fear,-1
2024-10-12,541.55471,159713.4,55.899685,62726.0,10,1728711000,49,Neutral,-1
2024-10-13,0.0,60002.42,21.000841,62778.2,10,1728797400,50,Neutral,-1
2024-10-14,1913.61958,61916.020000000004,21.670604,64693.8,5,1728883800,48,Neutral,-1
2024-10-15,1170.2260760000001,81173.36,28.410673,66652.28571428571,7,1728970200,65,Greed,1
2024-10-16,219.480876,80229.17,28.080204000000002,67576.54545454546,11,1729056600,73,Greed,1
2024-10-17,36.11496,140531.75,49.186107,67400.11111111111,9,1729143000,71,Greed,1
2024-10-18,333.219141,120331.43000000001,42.115998,67397.0,6,1729229400,73,Greed,1
2024-10-19,0.0,99996.86,34.998901000000004,68391.25,4,1729315800,72,Greed,1
2024-10-20,389.155797,176244.57,59.226047,4418.367995806451,93,1729402200,73,Greed,1
2024-10-21,2464.915564,322902.16,109.432505,3948.057279651163,172,1729488600,72,Greed,1
2024-10-22,0.0,60000.36,21.000124,67047.0,3,1729575000,70,Greed,1
2024-10-23,-46.489941,210006.07,73.502111,30954.322222222225,18,1729661400,71,Greed,1
2024-10-25,13235.862071,427883.18,143.841914,56633.085333333336,30,1729834200,72,Greed,1
2024-10-27,666.6623079999999,90664.41,31.73254,67737.75,4,1730007000,74,Greed,1
2024-10-28,162.04069700000002,121463.69,42.270185,62445.46925727273,11,1730093400,72,Greed,1
2024-10-29,801.170876,613267.8099999999,214.643714,51081.13156396226,53,1730179800,72,Greed,1
2024-10-30,9.150023,11830.85,3.596988,646.6885008,25,1730266200,77,Extreme Greed,1
2024-10-31,1214.043811,896173.36,312.710928,42753.894183125,48,1730352600,77,Extreme Greed,1
2024-11-01,1040.475736,260981.03,90.654875,27379.532136956524,23,1730439000,75,Extreme Greed,1
2024-11-02,0.0,40000.0,13.999997,68880.0,2,1730525400,72,Greed,1
2024-11-03,0.0,129055.66,40.404152,45208.04899166667,6,1730611800,74,Greed,1
2024-11-04,2799.410474,451811.97,158.13418000000001,49681.014294444445,36,1730698200,70,Greed,1
2024-11-05,678.4759280000001,200627.23,70.219524,67511.4,10,1730784600,70,Greed,1
2024-11-06,2817.83723,123906.9,43.36741,58370.23423933333,15,1730871000,70,Greed,1
2024-11-07,3036.859288,107001.51,25.74509038,1939.3060517948716,78,1730957400,77,Extreme Greed,1
2024-11-08,-64.41354100000007,270700.44,93.87825699999999,46749.91446666667,39,1731043800,75,Extreme Greed,1
2024-11-09,102.90894,192934.93,66.027186,8109.564282,85,1731130200,75,Extreme Greed,1
2024-11-10,991.114334,413636.7,142.313546,22619.335545589594,173,1731216600,78,Extreme Greed,1
2024-11-11,6749.630996,1566136.23,396.466936,7004.482353498614,361,1731303000,76,Extreme Greed,1
2024-11-12,3494.399394,1226354.52,427.904853,33638.82797450292,171,1731389400,80,Extreme Greed,1
2024-11-13,7846.402274,515290.24,179.167921,45511.38143917022,47,1731475800,84,Extreme Greed,1
2024-11-14,4554.728141,1008105.78,334.991475,34339.502392383176,107,1731562200,88,Extreme Greed,1
2024-11-15,4030.143164,1391828.32,453.816979,46893.22525804054,148,1731648600,80,Extreme Greed,1
2024-11-16,2769.521909,302904.37,100.132133,8036.694458775642,156,1731735000,86,Extreme Greed,1
2024-11-17,882.975285,1215210.69,271.034001,13794.579539747572,206,1731821400,90,Extreme Greed,1
2024-11-18,4447.207161,2084247.69,445.095152,13588.219663842105,342,1731907800,83,Extreme Greed,1
2024-11-19,2958.268991,627474.48,201.431268,16204.479105375416,301,1731994200,90,Extreme Greed,1
2024-11-20,4204.747609,1993966.1,642.368512,9863.233449181318,546,1732080600,83,Extreme Greed,1
2024-11-21,1692.430891,598300.62,198.628267,7300.062138975701,535,1732167000,82,Extreme Greed,1
2024-11-22,-18105.345617,1645358.18,435.97562,9936.843195599113,676,1732253400,94,Extreme Greed,1
2024-11-23,2901.531638,515618.5,154.402354,4736.50023639779,362,1732339800,93,Extreme Greed,1
2024-11-24,945.550386,655575.22,199.920008,19614.80788789412,170,1732426200,80,Extreme Greed,1
2024-11-25,5523.740734,937410.87,283.779701,14680.957598172548,255,1732512600,82,Extreme Greed,1
2024-11-26,1094.809359,1146902.44,311.298478,10192.743361337749,302,1732599000,79,Extreme Greed,1
2024-11-27,-2670.886313,1437471.84,438.035615,19664.1646817109,211,1732685400,75,Extreme Greed,1
2024-11-28,-126891.292796,1888810.1300000001,315.040508,4461.511584219512,328,1732771800,77,Extreme Greed,1
2024-11-29,175281.120068,790196.92,192.16555662,1990.670220176812,367,1732858200,78,Extreme Greed,1
2024-11-30,36414.863456,1716587.73,547.08228352,3639.6734902763533,351,1732944600,84,Extreme Greed,1
2024-12-01,26896.447037,797391.6799999999,243.38309248,6902.888906921221,385,1733031000,81,Extreme Greed,1
2024-12-02,18489.604313,585243.56,147.88781359,6183.161846526119,268,1733117400,80,Extreme Greed,1
2024-12-03,23079.122606,1073111.93,327.42059026,2385.550571663957,369,1733203800,76,Extreme Greed,1
2024-12-04,289798.04349999997,762139.66,171.92593347,4102.64189475082,305,1733290200,78,Extreme Greed,1
2024-12-05,71562.618028,1256231.3800000001,352.60628723,4902.981519030837,454,1733376600,84,Extreme Greed,1
2024-12-06,-96213.717982,2917920.56,527.26316289,15706.51996256345,394,1733463000,72,Greed,1
2024-12-07,60283.519188,425174.33,105.7961449,1459.5871982826857,283,1733549400,75,Extreme Greed,1
2024-12-08,15053.949179,919864.18,234.17888346,2016.7952734032258,372,1733635800,79,Extreme Greed,1
2024-12-09,6310.967676,961317.19,174.4101568,3902.3251675790552,487,1733722200,78,Extreme Greed,1
2024-12-10,37151.621534,2991365.74,450.20750667,3791.938796094806,1213,1733808600,78,Extreme Greed,1
2024-12-11,285860.20263200003,2092651.69,410.03845306,6222.953269403981,854,1733895000,74,Greed,1
2024-12-12,482671.64258600003,4245880.15,677.96662593,3128.796200930301,1396,1733981400,83,Extreme Greed,1
2024-12-13,29966.148598,2721845.14,430.50580339,4960.061609044256,1062,1734067800,76,Extreme Greed,1
2024-12-14,163208.823342,2282944.77,226.81522611,2548.8497491330145,1045,1734154200,83,Extreme Greed,1
2024-12-15,94092.799025,2471931.05,224.87610048,1772.025449437025,1526,1734240600,80,Extreme Greed,1
2024-12-16,157285.100102,2559537.47,395.06236675,3657.08256347909,868,1734327000,83,Extreme Greed,1
2024-12-17,207768.564401,5045081.84,735.77314227,1152.9156693418097,1746,1734413400,87,Extreme Greed,1
2024-12-18,13076.205952,3653694.61,660.01592786,5134.191699909634,1339,1734499800,81,Extreme Greed,1
2024-12-19,61652.19064,7919822.38,1039.20245219,3494.3480338254353,2583,1734586200,75,Extreme Greed,1
2024-12-20,222710.108948,7313935.48,1153.23969423,1419.9136733559374,2240,1734672600,74,Greed,1
2024-12-21,145098.738865,4229216.11,666.15966886,4151.4857524790095,1453,1734759000,73,Greed,1
2024-12-22,350503.151205,3020864.66,329.47284061,1605.697264353693,704,1734845400,73,Greed,1
2024-12-23,-25881.467533,6513202.01,1161.88401791,1846.2820310957038,2209,1734931800,70,Greed,1
2024-12-24,12715.562469,1748829.06,385.37773223,12038.802757181818,319,1735018200,73,Greed,1
2024-12-25,756.6570469999998,342809.44,66.47105124,3458.9712041617645,204,1735104600,73,Greed,1
2024-12-26,59744.355956,2177074.19,519.38077573,4968.382964773613,667,1735191000,79,Extreme Greed,1
2024-12-27,2672.811035,319859.53,85.8625206,13355.637663019455,257,1735277400,74,Greed,1
2024-12-28,940.673623,277999.98,48.3637447,4216.364954493671,158,1735363800,72,Greed,1
2024-12-29,1674.8074900000001,330306.44,70.70785537,7242.4575795255105,196,1735450200,73,Greed,1
2024-12-30,8991.055561000001,1072425.67,284.74478548,12755.28488483,300,1735536600,65,Greed,1
2024-12-31,5445.01281,843283.39,256.41488113,28908.452959604656,301,1735623000,64,Greed,1
2025-01-01,-9528.065345,282582.1,31.60438221,8822.579264114584,96,1735709400,66,Greed,1
2025-01-02,8716.519087,774641.67,176.12880323,10122.932134177778,360,1735795800,70,Greed,1
2025-01-03,5951.467198,764677.92,210.31088983,9745.811195419163,501,1735882200,74,Greed,1
2025-01-04,2518.7675910000003,1825067.05,233.61579700000001,7980.995461268907,357,1735968600,73,Greed,1
2025-01-05,3179.328004,451146.62,139.25644197,8499.405587263636,220,1736055000,72,Greed,1
2025-01-06,6099.192186,551099.98,173.27271225,7545.972491560219,548,1736141400,76,Extreme Greed,1
2025-01-07,16064.35352,1310959.49,302.87718563,9125.337770093207,633,1736227800,78,Extreme Greed,1
2025-01-08,130123.178755,3153352.64,689.61470161,6636.864713690873,1019,1736314200,70,Greed,1
2025-01-09,46562.786067,1007766.31,272.49727243,6436.7233323798455,516,1736400600,69,Greed,1
2025-01-10,-11308.641223999999,6400138.71,2042.94945805,31325.739777144965,814,1736487000,50,Neutral,-1
2025-01-11,2269.080536,1657544.76,494.64405892,30453.748906221426,280,1736573400,69,Greed,1
2025-01-12,5711.931803,2191883.27,592.1830156999999,12799.927073672789,599,1736659800,62,Greed,1
2025-01-13,9571.90636,2923714.81,859.70601878,29446.599807079405,403,1736746200,61,Greed,1
2025-01-14,16069.512355,876581.97,240.59104948,21343.217767563634,275,1736832600,63,Greed,1
2025-01-15,14779.843756,1799579.05,513.41485682,28583.233197469468,262,1736919000,70,Greed,1
2025-01-16,20768.740758,3038409.62,887.41006196,31134.985569960227,352,1737005400,75,Extreme Greed,1
2025-01-17,7006.415608,1110230.46,351.41464889,8905.736269495797,238,1737091800,75,Extreme Greed,1
2025-01-18,45.548378000000355,2676422.38,803.86357146,9740.478092482115,643,1737178200,77,Extreme Greed,1
2025-01-19,87918.601332,9675338.25,2152.98990371,6210.597845273554,1539,1737264600,77,Extreme Greed,1
2025-01-20,86554.759557,8251753.2,2197.09133469,16288.311803058006,1293,1737351000,76,Extreme Greed,1
2025-01-21,10920.094816,1521225.47,398.0487583,19949.05819999238,525,1737437400,76,Extreme Greed,1
2025-01-22,20325.379789000002,1720065.76,451.75265935,8602.67047989839,807,1737523800,84,Extreme Greed,1
2025-01-23,98973.248045,3642315.18,1069.60427268,7245.338729190545,1174,1737610200,75,Extreme Greed,1
2025-01-24,10553.312466,1601717.73,336.5204752,5131.957076039306,865,1737696600,75,Extreme Greed,1
2025-01-25,-10348.016255999999,1230383.85,317.29644554,4049.0608413514055,498,1737783000,75,Extreme Greed,1
2025-01-26,40724.372291,1127812.8,356.67540324,17.623206869662923,445,1737869400,73,Greed,1
2025-01-27,41122.222813,1505690.96,405.61011988,11691.471101586252,771,1737955800,71,Greed,1
2025-01-28,17867.0073,571350.91,124.36284476,6642.118634863071,482,1738042200,72,Greed,1
2025-01-29,22489.15724,1818524.92,584.91749313,599.1961389467723,883,1738128600,72,Greed,1
2025-01-30,23100.672199,2977862.18,861.86387373,8371.072202619183,1053,1738215000,70,Greed,1
2025-01-31,35629.611794,2766116.87,665.35104752,6864.8846391287725,994,1738301400,76,Extreme Greed,1
2025-02-01,31912.848351,1350506.89,284.16773343,4383.066931050903,609,1738387800,68,Greed,1
2025-02-02,161555.357736,5630179.8,1173.90233423,5492.1721388421865,1299,1738474200,60,Greed,1
2025-02-03,347934.013034,22442680.52,2976.6064461,4902.439982989809,2355,1738560600,44,Fear,-1
2025-02-04,402356.883406,15343967.94,3767.41542497,15745.79113897054,2410,1738647000,72,Greed,1
2025-02-05,55928.295986,8692976.99,1326.04226378,22238.631582125003,1256,1738733400,54,Neutral,-1
2025-02-06,30954.677099,2759540.66,691.59096789,2964.879216904126,1648,1738819800,49,Neutral,-1
2025-02-07,21729.411512,3408131.31,724.44438734,24363.202761348475,1475,1738906200,44,Fear,-1
2025-02-08,557.112934,793081.15,109.1608586,17569.775177691336,554,1738992600,44,Fear,-1
2025-02-09,150340.951946,2831395.46,402.81246296,1727.3363894984993,733,1739079000,46,Neutral,-1
2025-02-10,63867.335787,3613517.31,490.76335314,34280.67394325058,870,1739165400,43,Fear,-1
2025-02-11,-6042.550999,2749940.26,465.84640806,19860.707743199022,819,1739251800,47,Neutral,-1
2025-02-12,15995.979142,4025289.77,1064.82644366,20340.72496476024,1001,1739338200,46,Neutral,-1
2025-02-13,27059.233251999998,3140655.78,813.14828702,18965.132632544304,1343,1739424600,50,Neutral,-1
2025-02-14,198620.216971,3902308.84,933.78312675,20931.18056201453,1576,1739511000,48,Neutral,-1
2025-02-15,44671.406145,1671832.21,367.43010106,12055.2973884637,854,1739597400,50,Neutral,-1
2025-02-16,2202.032429,771589.55,170.03925231,4507.797913106195,565,1739683800,54,Neutral,-1
2025-02-17,1754.951159,1971290.85,251.11221761,5349.132035091346,832,1739770200,51,Neutral,-1
2025-02-18,89601.08119,3270115.7,598.89590312,6962.241853615915,1596,1739856600,47,Neutral,-1
2025-02-19,14804.36112,3215435.02,682.81807504,17993.455910872734,1302,1739943000,44,Fear,-1
2025-02-20,36254.037446,4414508.66,1166.22826613,16943.151931393313,1884,1740029400,49,Neutral,-1
2025-02-21,118725.80529,3905301.84,824.51928077,16393.289992510952,1826,1740115800,55,Greed,1
2025-02-22,24763.652351,3131737.46,871.234364,16696.300609748105,659,1740202200,49,Neutral,-1
2025-02-23,10114.848641,1127314.67,225.59452317,6725.313731714008,514,1740288600,50,Neutral,-1
2025-02-24,37637.842288,10949950.83,2045.52541857,442.125654625976,5251,1740375000,49,Neutral,-1
2025-02-25,204510.824784,18941258.95,3137.74204679,1198.8913779450993,5938,1740461400,25,Fear,-1
2025-02-26,62799.092687,4917009.97,748.01589267,1061.6661749328027,1131,1740547800,21,Extreme Fear,-1
2025-02-27,-29788.11157,1875934.7,499.98018431,3766.2923448103647,849,1740634200,10,Extreme Fear,-1
2025-02-28,224708.370599,4102502.9,871.37837696,2405.2555576427862,1005,1740720600,16,Extreme Fear,-1
2025-03-01,10492.387012,259696.24,36.13672839,2672.5979146745563,169,1740807000,20,Extreme Fear,-1
2025-03-02,63906.16865,6137359.16,1834.42987461,9019.093824157088,522,1740893400,26,Fear,-1
2025-03-03,597913.103906,8095729.2299999995,1001.75389645,3474.658248379522,1465,1740979800,33,Fear,-1
2025-03-04,181945.743062,10968665.87,2187.90111233,2568.3953134299104,2347,1741066200,15,Extreme Fear,-1
2025-03-05,250423.09599600002,8781941.57,2208.57263491,3900.240809747429,1556,1741152600,20,Extreme Fear,-1
2025-03-06,16100.55211,6748575.0200000005,1304.23263326,5887.398994030748,748,1741239000,25,Fear,-1
2025-03-07,136367.768813,19232297.99,4774.248983,4618.645956974887,2429,1741325400,34,Fear,-1
2025-03-08,24328.915033,872028.85,203.63880268,3229.0498245925924,513,1741411800,28,Fear,-1
2025-03-09,19248.676053,10135059.88,2313.20498051,839.2258012010271,1363,1741498200,27,Fear,-1
2025-03-10,-11929.823667999999,16427636.13,3393.74213223,2945.096109444561,2850,1741584600,20,Extreme Fear,-1
2025-03-11,-71016.497151,13527503.01,2338.71705704,2441.6264473244446,3150,1741671000,24,Extreme Fear,-1
2025-03-12,257290.928278,18078822.12,3522.61236607,4014.8774708805145,3808,1741757400,34,Fear,-1
2025-03-13,14006.412341,3130437.06,770.17646519,5462.507874566811,928,1741843800,45,Neutral,-1
2025-03-14,65606.546453,7652305.5,1187.35318392,4406.375742330677,2008,1741930200,27,Fear,-1
2025-03-15,78665.723128,2245625.18,546.921531,23622.508722172,250,1742016600,46,Neutral,-1
2025-03-16,-7910.943544999999,10176251.47,2440.84089918,50237.940852638625,523,1742103000,30,Fear,-1
2025-03-17,26141.68995,3587923.47,806.3211076,9762.61586167865,890,1742189400,32,Fear,-1
2025-03-18,72091.961393,3788130.73,800.720747,11028.685289958436,818,1742275800,34,Fear,-1
2025-03-19,29052.995242,4422125.06,746.6011094305001,15052.162799358344,1546,1742362200,32,Fear,-1
2025-03-20,10165.5092,1643460.02,326.858539,2414.0681149707834,753,1742448600,49,Neutral,-1
2025-03-21,6276.462825,2521297.25,631.07557483,4205.812961336765,680,1742535000,31,Fear,-1
2025-03-22,12469.570308,952641.65,263.19857297,3735.8639929770115,522,1742621400,32,Fear,-1
2025-03-23,13937.140619,2581528.48,594.0813801,5402.793970605442,441,1742707800,30,Fear,-1
2025-03-24,107610.050392,3012301.0300000003,529.98711537,3474.1088869801783,1009,1742794200,45,Neutral,-1
2025-03-25,31531.482648,5318688.57,1387.3632197700001,12121.615571204427,768,1742880600,46,Neutral,-1
2025-03-26,17036.056765,7447662.34,1755.71143609,1004.4171274612839,3022,1742967000,47,Neutral,-1
2025-03-27,58275.928005,3138556.25,689.0507473,9213.86475693008,758,1743053400,40,Fear,-1
2025-03-28,21232.259991,1397059.21,365.56719705,7904.992006079887,701,1743139800,44,Fear,-1
2025-03-29,11743.694269,3361587.97,791.11488262,2466.233336682709,1787,1743226200,26,Fear,-1
2025-03-30,15781.11513,2809174.5100000002,746.39612127,7606.5392396098905,546,1743312600,32,Fear,-1
2025-03-31,6997.0010409999995,2153178.77,480.63115917,8342.192811785715,490,1743399000,34,Fear,-1
2025-04-01,-2337.8018550000006,701802.29,162.68910182000002,11857.231597589189,185,1743485400,34,Fear,-1
2025-04-02,187173.3864,3626309.49,1099.1082299,7735.789329421568,1020,1743571800,44,Fear,-1
2025-04-03,-2484.777694,8541580.85,1310.6466877,4546.718416815586,1681,1743658200,25,Fear,-1
2025-04-04,-26179.715294999998,3767830.63,823.579159361,4879.260747280066,1214,1743744600,28,Fear,-1
2025-04-05,33341.336405,1088148.09,261.957735,10474.042809903409,352,1743831000,30,Fear,-1
2025-04-06,46405.963746,3501104.11,612.1674926335,4181.093927665005,1003,1743917400,34,Fear,-1
2025-04-07,33463.376532999995,14303039.27,2725.8303454029,10428.681765163887,2758,1744003800,23,Extreme Fear,-1
2025-04-08,34506.057959,8782145.18,2250.05633809,32070.029482198468,912,1744090200,24,Extreme Fear,-1
2025-04-09,47382.288767,27766970.57,5914.192281724,13859.567723387165,3864,1744176600,18,Extreme Fear,-1
2025-04-10,152307.548509,27750087.79,6618.358603312,39486.717253194096,2066,1744263000,39,Fear,-1
2025-04-11,123025.394606,11257684.09,2168.2439630901,19076.28808691011,1068,1744349400,25,Fear,-1
2025-04-12,403878.276837,52228739.01,10571.119814457,52047.549079660246,1972,1744435800,43,Fear,-1
2025-04-13,47022.203311,13726455.23,2483.4303502649,31372.478948225416,1251,1744522200,45,Neutral,-1
2025-04-14,45118.995099,13043567.44,2013.376978567,32778.67415528,875,1744608600,31,Fear,-1
2025-04-15,72065.14943,20355496.78,1768.99968539,63661.6757279535,1097,1744695000,38,Fear,-1
2025-04-16,50190.433031,34312924.23,5539.38125729,47345.11379377963,1561,1744781400,29,Fear,-1
2025-04-17,5219.407956,2589165.69,516.55728348,1790.402248250497,1006,1744867800,30,Fear,-1
2025-04-18,-4204.727219,22151325.83,4100.30874177,14796.455144092733,1844,1744954200,33,Fear,-1
2025-04-19,70369.525603,32029180.59,6319.28657369,15950.76855050567,2733,1745040600,32,Fear,-1
2025-04-20,24768.541623,11484902.5,1752.7337296258,7850.107543568193,1855,1745127000,37,Fear,-1
2025-04-21,37617.602269999996,38595036.53,5548.77567188,40455.670768841694,1655,1745213400,39,Fear,-1
2025-04-22,58037.708414,33561143.63,5707.284073,14743.186594938978,2917,1745299800,47,Neutral,-1
2025-04-23,-396773.230625,30043340.84,7177.74727124,12399.43337794719,5946,1745386200,72,Greed,1
2025-04-24,49538.782794,33538042.52,7014.3340901913,41209.91840169264,2105,1745472600,63,Greed,1
2025-04-25,19071.018922,25942815.44,5878.6309006082,31803.28627496624,1570,1745559000,60,Greed,1
2025-04-26,-4016.078236,11532029.25,2556.67698459,23281.037707756805,1102,1745645400,65,Greed,1
2025-04-27,2699.842724,472490.72,53.7415362062,13534.85303794801,327,1745731800,61,Greed,1
2025-04-28,32951.142663,23171328.38,5333.4159829001,57406.959436382975,1316,1745818200,54,Neutral,-1
2025-04-29,115789.955018,32266329.77,4750.7840862231,27959.175710510404,2114,1745904600,60,Greed,1
2025-04-30,13087.507830999999,11524322.99,2687.3901246879,35484.0887382157,1057,1745991000,56,Greed,1
2025-05-01,55952.100851,10099133.49,2504.6680362123,11465.080139034482,1160,1746077400,53,Neutral,-1
